<?xml version="1.0" encoding="UTF-8"?>
<project-private xmlns="http://www.netbeans.org/ns/project-private/1">
    <editor-bookmarks xmlns="http://www.netbeans.org/ns/editor-bookmarks/2" lastBookmarkId="0"/>
    <open-files xmlns="http://www.netbeans.org/ns/projectui-open-files/2">
        <group>
            <file>file:/C:/Users/Murilo/Documents/NetBeansProjects/exercicio4/src/exercicio4/Exercicio4.java</file>
            <file>file:/C:/Users/Murilo/Documents/NetBeansProjects/exercicio4/src/exercicio4/IPI.java</file>
            <file>file:/C:/Users/Murilo/Documents/NetBeansProjects/exercicio4/src/exercicio4/PIS.java</file>
            <file>file:/C:/Users/Murilo/Documents/NetBeansProjects/exercicio4/src/exercicio4/Imposto.java</file>
        </group>
    </open-files>
</project-private>
