<?xml version="1.0" encoding="UTF-8"?>
<project-private xmlns="http://www.netbeans.org/ns/project-private/1">
    <editor-bookmarks xmlns="http://www.netbeans.org/ns/editor-bookmarks/2" lastBookmarkId="0"/>
    <open-files xmlns="http://www.netbeans.org/ns/projectui-open-files/2">
        <group>
            <file>file:/C:/Users/Murilo/Documents/NetBeansProjects/projeto_Integrador_ll_etapa4/src/projeto_integrador_ll_etapa4/Tela_CriarConta.java</file>
            <file>file:/C:/Users/Murilo/Documents/NetBeansProjects/projeto_Integrador_ll_etapa4/src/projeto_integrador_ll_etapa4/Tela_Login.java</file>
            <file>file:/C:/Users/Murilo/Documents/NetBeansProjects/projeto_Integrador_ll_etapa4/src/projeto_integrador_ll_etapa4/Tela_SacarDepositar.java</file>
            <file>file:/C:/Users/Murilo/Documents/NetBeansProjects/projeto_Integrador_ll_etapa4/src/projeto_integrador_ll_etapa4/Tela_Transacao.java</file>
            <file>file:/C:/Users/Murilo/Documents/NetBeansProjects/projeto_Integrador_ll_etapa4/src/projeto_integrador_ll_etapa4/Tela_Central.java</file>
            <file>file:/C:/Users/Murilo/Documents/NetBeansProjects/projeto_Integrador_ll_etapa4/src/projeto_integrador_ll_etapa4/conta.java</file>
            <file>file:/C:/Users/Murilo/Documents/NetBeansProjects/projeto_Integrador_ll_etapa4/src/projeto_integrador_ll_etapa4/Tela_Listagem.java</file>
            <file>file:/C:/Users/Murilo/Documents/NetBeansProjects/projeto_Integrador_ll_etapa4/src/projeto_integrador_ll_etapa4/transacoes.java</file>
        </group>
    </open-files>
</project-private>
