<?xml version="1.0" encoding="UTF-8"?>
<project-private xmlns="http://www.netbeans.org/ns/project-private/1">
    <editor-bookmarks xmlns="http://www.netbeans.org/ns/editor-bookmarks/2" lastBookmarkId="0"/>
    <open-files xmlns="http://www.netbeans.org/ns/projectui-open-files/2">
        <group>
            <file>file:/C:/Users/Murilo/Documents/NetBeansProjects/UC10_EX2/src/Tela_Consulta.java</file>
            <file>file:/C:/Users/Murilo/Documents/NetBeansProjects/UC10_EX2/src/Tela_Atualizar.java</file>
            <file>file:/C:/Users/Murilo/Documents/NetBeansProjects/UC10_EX2/src/Tela_Inicial.java</file>
            <file>file:/C:/Users/Murilo/Documents/NetBeansProjects/UC10_EX2/src/Filmes.java</file>
            <file>file:/C:/Users/Murilo/Documents/NetBeansProjects/UC10_EX2/src/Tela_exclusao.java</file>
            <file>file:/C:/Users/Murilo/Documents/NetBeansProjects/UC10_EX2/src/Conexao1.java</file>
        </group>
    </open-files>
</project-private>
