<?xml version="1.0" encoding="UTF-8"?>
<project-private xmlns="http://www.netbeans.org/ns/project-private/1">
    <editor-bookmarks xmlns="http://www.netbeans.org/ns/editor-bookmarks/2" lastBookmarkId="0"/>
    <open-files xmlns="http://www.netbeans.org/ns/projectui-open-files/2">
        <group>
            <file>file:/C:/Users/Murilo/Documents/NetBeansProjects/exercicio2/src/exercicio2/Hospedagem.java</file>
            <file>file:/C:/Users/Murilo/Documents/NetBeansProjects/exercicio2/src/exercicio2/PacoteViagem.java</file>
            <file>file:/C:/Users/Murilo/Documents/NetBeansProjects/exercicio2/src/exercicio2/Exercicio2.java</file>
            <file>file:/C:/Users/Murilo/Documents/NetBeansProjects/exercicio2/src/exercicio2/Transporte.java</file>
            <file>file:/C:/Users/Murilo/Documents/NetBeansProjects/exercicio2/src/exercicio2/Venda.java</file>
        </group>
    </open-files>
</project-private>
