<?xml version="1.0" encoding="UTF-8"?>
<project-private xmlns="http://www.netbeans.org/ns/project-private/1">
    <editor-bookmarks xmlns="http://www.netbeans.org/ns/editor-bookmarks/2" lastBookmarkId="0"/>
    <open-files xmlns="http://www.netbeans.org/ns/projectui-open-files/2">
        <group>
            <file>file:/C:/Users/Murilo/Documents/NetBeansProjects/UC9_EX3/src/codigo/Lista_Consulta.java</file>
            <file>file:/C:/Users/Murilo/Documents/NetBeansProjects/UC9_EX3/src/Finalizar_Consulta.java</file>
            <file>file:/C:/Users/Murilo/Documents/NetBeansProjects/UC9_EX3/src/Tela_Cadastro.java</file>
            <file>file:/C:/Users/Murilo/Documents/NetBeansProjects/UC9_EX3/src/Finalizar_Con.java</file>
            <file>file:/C:/Users/Murilo/Documents/NetBeansProjects/UC9_EX3/src/Atualizar.java</file>
            <file>file:/C:/Users/Murilo/Documents/NetBeansProjects/UC9_EX3/src/Tela_Agendamento.java</file>
            <file>file:/C:/Users/Murilo/Documents/NetBeansProjects/UC9_EX3/src/codigo/Codigo.java</file>
        </group>
    </open-files>
</project-private>
